product_name,price,review_text,processed_review
"Caidea TW301 Blogger Upto 40H Playtime*,ENC,Dual Pairing Fast Charging Wireless Earbuds Bluetooth  (Glass Pink, In the Ear)",‚Çπ299,"Nice product
A/c to price
Too good",Nice product A/c to price Too good
"Caidea TW301 Blogger Upto 40H Playtime*,ENC,Dual Pairing Fast Charging Wireless Earbuds Bluetooth  (Glass Pink, In the Ear)",‚Çπ299,This product is ok but sound effects is not good,This product is ok but sound effects is not good
"Caidea TW301 Blogger Upto 40H Playtime*,ENC,Dual Pairing Fast Charging Wireless Earbuds Bluetooth  (Glass Pink, In the Ear)",‚Çπ299,Worth for this price,Worth for this price
"Caidea TW301 Blogger Upto 40H Playtime*,ENC,Dual Pairing Fast Charging Wireless Earbuds Bluetooth  (Glass Pink, In the Ear)",‚Çπ299,Awesome product. Definitely you can go for this if you are a music lover. This product will take your music experience to the next level.,Awesome product. Definitely you can go for this if you are a music lover. This product will take your music experience to the next level.
"Caidea TW301 Blogger Upto 40H Playtime*,ENC,Dual Pairing Fast Charging Wireless Earbuds Bluetooth  (Glass Pink, In the Ear)",‚Çπ299,Product quality is best sound is very good delivery very fast .. I am very happy of this product,Product quality is best sound is very good delivery very fast .. I am very happy of this product
"Caidea TW301 Blogger Upto 40H Playtime*,ENC,Dual Pairing Fast Charging Wireless Earbuds Bluetooth  (Glass Pink, In the Ear)",‚Çπ299,Good But not very good üëç,Good But not very good üëç
"Caidea TW301 Blogger Upto 40H Playtime*,ENC,Dual Pairing Fast Charging Wireless Earbuds Bluetooth  (Glass Pink, In the Ear)",‚Çπ299,All quality is good. Thanks you,All quality is good. Thanks you
"Caidea TW301 Blogger Upto 40H Playtime*,ENC,Dual Pairing Fast Charging Wireless Earbuds Bluetooth  (Glass Pink, In the Ear)",‚Çπ299,It's okieee and nice sound quality but not that too good but the quality of sound is ok for ear health and delivery man was a very nice and kind person too .loved the design of product.,It's okieee and nice sound quality but not that too good but the quality of sound is ok for ear health and delivery man was a very nice and kind person too .loved the design of product.
"Caidea TW301 Blogger Upto 40H Playtime*,ENC,Dual Pairing Fast Charging Wireless Earbuds Bluetooth  (Glass Pink, In the Ear)",‚Çπ299,Good,Good
"Caidea TW301 Blogger Upto 40H Playtime*,ENC,Dual Pairing Fast Charging Wireless Earbuds Bluetooth  (Glass Pink, In the Ear)",‚Çπ299,"According to price ok product
Battery backup ok 5/5
Sound quality 4/5
Design 4/5
Bass 4/5
Calling quality 5/5
Over all good but not very good",According to price ok product Battery backup ok 5/5 Sound quality 4/5 Design 4/5 Bass 4/5 Calling quality 5/5 Over all good but not very good
"Caidea TW301 Blogger Upto 40H Playtime*,ENC,Dual Pairing Fast Charging Wireless Earbuds Bluetooth  (Glass Pink, In the Ear)",‚Çπ299,"Clear sound and solid mic quality. Easily connects with two devices, and fits comfortably. Battery backup is great, lasting up to 40 hours.","Clear sound and solid mic quality. Easily connects with two devices, and fits comfortably. Battery backup is great, lasting up to 40 hours."
"Caidea TW301 Blogger Upto 40H Playtime*,ENC,Dual Pairing Fast Charging Wireless Earbuds Bluetooth  (Glass Pink, In the Ear)",‚Çπ299,Product will be good and song qualities best and colour I like it and design also I am like it,Product will be good and song qualities best and colour I like it and design also I am like it
"Caidea TW301 Blogger Upto 40H Playtime*,ENC,Dual Pairing Fast Charging Wireless Earbuds Bluetooth  (Glass Pink, In the Ear)",‚Çπ299,Awesome quality. Appreciated owner and flipkart service for the speed replacement.,Awesome quality. Appreciated owner and flipkart service for the speed replacement.
"Caidea TW301 Blogger Upto 40H Playtime*,ENC,Dual Pairing Fast Charging Wireless Earbuds Bluetooth  (Glass Pink, In the Ear)",‚Çπ299,Very bad,Very bad
"Caidea TW301 Blogger Upto 40H Playtime*,ENC,Dual Pairing Fast Charging Wireless Earbuds Bluetooth  (Glass Pink, In the Ear)",‚Çπ299,Saund is very good.,Saund is very good.
"Caidea TW301 Blogger Upto 40H Playtime*,ENC,Dual Pairing Fast Charging Wireless Earbuds Bluetooth  (Glass Pink, In the Ear)",‚Çπ299,Bed product,Bed product
"Caidea TW301 Blogger Upto 40H Playtime*,ENC,Dual Pairing Fast Charging Wireless Earbuds Bluetooth  (Glass Pink, In the Ear)",‚Çπ299,Battery not working,Battery not working
"Caidea TW301 Blogger Upto 40H Playtime*,ENC,Dual Pairing Fast Charging Wireless Earbuds Bluetooth  (Glass Pink, In the Ear)",‚Çπ299,Netwarking problem and sound and mic problem,Netwarking problem and sound and mic problem
"Caidea TW301 Blogger Upto 40H Playtime*,ENC,Dual Pairing Fast Charging Wireless Earbuds Bluetooth  (Glass Pink, In the Ear)",‚Çπ299,Good,Good
"Caidea TW301 Blogger Upto 40H Playtime*,ENC,Dual Pairing Fast Charging Wireless Earbuds Bluetooth  (Glass Pink, In the Ear)",‚Çπ299,Ok ok,Ok ok
"Caidea TW301 Blogger Upto 40H Playtime*,ENC,Dual Pairing Fast Charging Wireless Earbuds Bluetooth  (Glass Pink, In the Ear)",‚Çπ299,"Nice product
A/c to price
Too good",Nice product A/c to price Too good
"Caidea TW301 Blogger Upto 40H Playtime*,ENC,Dual Pairing Fast Charging Wireless Earbuds Bluetooth  (Glass Pink, In the Ear)",‚Çπ299,This product is ok but sound effects is not good,This product is ok but sound effects is not good
"Caidea TW301 Blogger Upto 40H Playtime*,ENC,Dual Pairing Fast Charging Wireless Earbuds Bluetooth  (Glass Pink, In the Ear)",‚Çπ299,Worth for this price,Worth for this price
"Caidea TW301 Blogger Upto 40H Playtime*,ENC,Dual Pairing Fast Charging Wireless Earbuds Bluetooth  (Glass Pink, In the Ear)",‚Çπ299,Awesome product. Definitely you can go for this if you are a music lover. This product will take your music experience to the next level.,Awesome product. Definitely you can go for this if you are a music lover. This product will take your music experience to the next level.
"Caidea TW301 Blogger Upto 40H Playtime*,ENC,Dual Pairing Fast Charging Wireless Earbuds Bluetooth  (Glass Pink, In the Ear)",‚Çπ299,Product quality is best sound is very good delivery very fast .. I am very happy of this product,Product quality is best sound is very good delivery very fast .. I am very happy of this product
"Caidea TW301 Blogger Upto 40H Playtime*,ENC,Dual Pairing Fast Charging Wireless Earbuds Bluetooth  (Glass Pink, In the Ear)",‚Çπ299,Good But not very good üëç,Good But not very good üëç
"Caidea TW301 Blogger Upto 40H Playtime*,ENC,Dual Pairing Fast Charging Wireless Earbuds Bluetooth  (Glass Pink, In the Ear)",‚Çπ299,All quality is good. Thanks you,All quality is good. Thanks you
"Caidea TW301 Blogger Upto 40H Playtime*,ENC,Dual Pairing Fast Charging Wireless Earbuds Bluetooth  (Glass Pink, In the Ear)",‚Çπ299,It's okieee and nice sound quality but not that too good but the quality of sound is ok for ear health and delivery man was a very nice and kind person too .loved the design of product.,It's okieee and nice sound quality but not that too good but the quality of sound is ok for ear health and delivery man was a very nice and kind person too .loved the design of product.
"Caidea TW301 Blogger Upto 40H Playtime*,ENC,Dual Pairing Fast Charging Wireless Earbuds Bluetooth  (Glass Pink, In the Ear)",‚Çπ299,Good,Good
"Caidea TW301 Blogger Upto 40H Playtime*,ENC,Dual Pairing Fast Charging Wireless Earbuds Bluetooth  (Glass Pink, In the Ear)",‚Çπ299,"According to price ok product
Battery backup ok 5/5
Sound quality 4/5
Design 4/5
Bass 4/5
Calling quality 5/5
Over all good but not very good",According to price ok product Battery backup ok 5/5 Sound quality 4/5 Design 4/5 Bass 4/5 Calling quality 5/5 Over all good but not very good
"Aroma NB126 Berry V5.4 Upto 60Hr Playtime* Dual Paring, Fast Charging, Heavy Bass Bluetooth  (Graphite Green, In the Ear)",‚Çπ449,"At starting battery backup was pretty good
But after use of 1 month battery drained quickly.. disappointed with the claims mentioned in product details üòë",At starting battery backup was pretty good But after use of 1 month battery drained quickly.. disappointed with the claims mentioned in product details üòë
"Aroma NB126 Berry V5.4 Upto 60Hr Playtime* Dual Paring, Fast Charging, Heavy Bass Bluetooth  (Graphite Green, In the Ear)",‚Çπ449,Don't purchase if you want to watch lectures on it. Better go for neckbands or expensive earbuds. you have to keep charging it after ever 4 to 6 hr.,Don't purchase if you want to watch lectures on it. Better go for neckbands or expensive earbuds. you have to keep charging it after ever 4 to 6 hr.
"Aroma NB126 Berry V5.4 Upto 60Hr Playtime* Dual Paring, Fast Charging, Heavy Bass Bluetooth  (Graphite Green, In the Ear)",‚Çπ449,Nice good,Nice good
"Aroma NB126 Berry V5.4 Upto 60Hr Playtime* Dual Paring, Fast Charging, Heavy Bass Bluetooth  (Graphite Green, In the Ear)",‚Çπ449,Very good product,Very good product
"Aroma NB126 Berry V5.4 Upto 60Hr Playtime* Dual Paring, Fast Charging, Heavy Bass Bluetooth  (Graphite Green, In the Ear)",‚Çπ449,all is we'll üëç,all is we'll üëç
"Aroma NB126 Berry V5.4 Upto 60Hr Playtime* Dual Paring, Fast Charging, Heavy Bass Bluetooth  (Graphite Green, In the Ear)",‚Çπ449,1 no. Quality me No Compromise ü•∞ Love it ... Sound And Build Quality is so Good üòä Go For it. ü§û,1 no. Quality me No Compromise ü•∞ Love it ... Sound And Build Quality is so Good üòä Go For it. ü§û
"Aroma NB126 Berry V5.4 Upto 60Hr Playtime* Dual Paring, Fast Charging, Heavy Bass Bluetooth  (Graphite Green, In the Ear)",‚Çπ449,Best earbuds believe me go for it,Best earbuds believe me go for it
"Aroma NB126 Berry V5.4 Upto 60Hr Playtime* Dual Paring, Fast Charging, Heavy Bass Bluetooth  (Graphite Green, In the Ear)",‚Çπ449,Nice üëçüëçüôÇ thanks for Flipkart ‚ù§Ô∏è‚ù§Ô∏è‚ù§Ô∏è‚ù§Ô∏è,Nice üëçüëçüôÇ thanks for Flipkart ‚ù§Ô∏è‚ù§Ô∏è‚ù§Ô∏è‚ù§Ô∏è
"Aroma NB126 Berry V5.4 Upto 60Hr Playtime* Dual Paring, Fast Charging, Heavy Bass Bluetooth  (Graphite Green, In the Ear)",‚Çπ449,"Good products
High bass
High sound quality
Battery backup very good",Good products High bass High sound quality Battery backup very good
"Aroma NB126 Berry V5.4 Upto 60Hr Playtime* Dual Paring, Fast Charging, Heavy Bass Bluetooth  (Graphite Green, In the Ear)",‚Çπ449,"Superb product with ANC. No noise disturbance.
Best product in this price. Amazing sound clarity.
Worth it.",Superb product with ANC. No noise disturbance. Best product in this price. Amazing sound clarity. Worth it.
"Aroma NB126 Berry V5.4 Upto 60Hr Playtime* Dual Paring, Fast Charging, Heavy Bass Bluetooth  (Graphite Green, In the Ear)",‚Çπ449,Very good,Very good
"Aroma NB126 Berry V5.4 Upto 60Hr Playtime* Dual Paring, Fast Charging, Heavy Bass Bluetooth  (Graphite Green, In the Ear)",‚Çπ449,Just Nice üëç,Just Nice üëç
"Aroma NB126 Berry V5.4 Upto 60Hr Playtime* Dual Paring, Fast Charging, Heavy Bass Bluetooth  (Graphite Green, In the Ear)",‚Çπ449,Nice product,Nice product
"Aroma NB126 Berry V5.4 Upto 60Hr Playtime* Dual Paring, Fast Charging, Heavy Bass Bluetooth  (Graphite Green, In the Ear)",‚Çπ449,Best Buds These buds have 5 days battery backup in this case value for money ü§ëüí∞,Best Buds These buds have 5 days battery backup in this case value for money ü§ëüí∞
"Aroma NB126 Berry V5.4 Upto 60Hr Playtime* Dual Paring, Fast Charging, Heavy Bass Bluetooth  (Graphite Green, In the Ear)",‚Çπ449,The sound quality is good and ANC is is very nice. Battery backup is OK.,The sound quality is good and ANC is is very nice. Battery backup is OK.
"Aroma NB126 Berry V5.4 Upto 60Hr Playtime* Dual Paring, Fast Charging, Heavy Bass Bluetooth  (Graphite Green, In the Ear)",‚Çπ449,"Amazing product at this price
Sound is very nice and clear",Amazing product at this price Sound is very nice and clear
"Aroma NB126 Berry V5.4 Upto 60Hr Playtime* Dual Paring, Fast Charging, Heavy Bass Bluetooth  (Graphite Green, In the Ear)",‚Çπ449,Overall nyc,Overall nyc
"Aroma NB126 Berry V5.4 Upto 60Hr Playtime* Dual Paring, Fast Charging, Heavy Bass Bluetooth  (Graphite Green, In the Ear)",‚Çπ449,It's Drive is actually 10 mm But Sound quality awesome üòéüëçüèª,It's Drive is actually 10 mm But Sound quality awesome üòéüëçüèª
"Aroma NB126 Berry V5.4 Upto 60Hr Playtime* Dual Paring, Fast Charging, Heavy Bass Bluetooth  (Graphite Green, In the Ear)",‚Çπ449,Sound quality bat,Sound quality bat
"Aroma NB126 Berry V5.4 Upto 60Hr Playtime* Dual Paring, Fast Charging, Heavy Bass Bluetooth  (Graphite Green, In the Ear)",‚Çπ449,Good product,Good product
"Aroma NB126 Berry V5.4 Upto 60Hr Playtime* Dual Paring, Fast Charging, Heavy Bass Bluetooth  (Graphite Green, In the Ear)",‚Çπ449,"At starting battery backup was pretty good
But after use of 1 month battery drained quickly.. disappointed with the claims mentioned in product details üòë",At starting battery backup was pretty good But after use of 1 month battery drained quickly.. disappointed with the claims mentioned in product details üòë
"Aroma NB126 Berry V5.4 Upto 60Hr Playtime* Dual Paring, Fast Charging, Heavy Bass Bluetooth  (Graphite Green, In the Ear)",‚Çπ449,Don't purchase if you want to watch lectures on it. Better go for neckbands or expensive earbuds. you have to keep charging it after ever 4 to 6 hr.,Don't purchase if you want to watch lectures on it. Better go for neckbands or expensive earbuds. you have to keep charging it after ever 4 to 6 hr.
"Aroma NB126 Berry V5.4 Upto 60Hr Playtime* Dual Paring, Fast Charging, Heavy Bass Bluetooth  (Graphite Green, In the Ear)",‚Çπ449,Nice good,Nice good
"Aroma NB126 Berry V5.4 Upto 60Hr Playtime* Dual Paring, Fast Charging, Heavy Bass Bluetooth  (Graphite Green, In the Ear)",‚Çπ449,Very good product,Very good product
"Aroma NB126 Berry V5.4 Upto 60Hr Playtime* Dual Paring, Fast Charging, Heavy Bass Bluetooth  (Graphite Green, In the Ear)",‚Çπ449,all is we'll üëç,all is we'll üëç
"Aroma NB126 Berry V5.4 Upto 60Hr Playtime* Dual Paring, Fast Charging, Heavy Bass Bluetooth  (Graphite Green, In the Ear)",‚Çπ449,1 no. Quality me No Compromise ü•∞ Love it ... Sound And Build Quality is so Good üòä Go For it. ü§û,1 no. Quality me No Compromise ü•∞ Love it ... Sound And Build Quality is so Good üòä Go For it. ü§û
"Aroma NB126 Berry V5.4 Upto 60Hr Playtime* Dual Paring, Fast Charging, Heavy Bass Bluetooth  (Graphite Green, In the Ear)",‚Çπ449,Best earbuds believe me go for it,Best earbuds believe me go for it
"Aroma NB126 Berry V5.4 Upto 60Hr Playtime* Dual Paring, Fast Charging, Heavy Bass Bluetooth  (Graphite Green, In the Ear)",‚Çπ449,Nice üëçüëçüôÇ thanks for Flipkart ‚ù§Ô∏è‚ù§Ô∏è‚ù§Ô∏è‚ù§Ô∏è,Nice üëçüëçüôÇ thanks for Flipkart ‚ù§Ô∏è‚ù§Ô∏è‚ù§Ô∏è‚ù§Ô∏è
"Aroma NB126 Berry V5.4 Upto 60Hr Playtime* Dual Paring, Fast Charging, Heavy Bass Bluetooth  (Graphite Green, In the Ear)",‚Çπ449,"Good products
High bass
High sound quality
Battery backup very good",Good products High bass High sound quality Battery backup very good
"Aroma NB126 Berry V5.4 Upto 60Hr Playtime* Dual Paring, Fast Charging, Heavy Bass Bluetooth  (Graphite Green, In the Ear)",‚Çπ449,"Superb product with ANC. No noise disturbance.
Best product in this price. Amazing sound clarity.
Worth it.",Superb product with ANC. No noise disturbance. Best product in this price. Amazing sound clarity. Worth it.
